gsm_id,title,source_sample_label,source_subject_id,geo_age_years,geo_age_group,geo_group,analyzed_cells,supplement_age_years_review_reported,source_priority,reconciliation_status
GSM4029896,cSLE1 [JB17001],cSLE1,JB17001,17,Children,SLE,4644,,GEO SOFT age retained for primary analysis,GEO sample present; source supplement not independently archived
GSM4029897,cSLE2 [JB17002],cSLE2,JB17002,18,Children,SLE,5205,,GEO SOFT age retained for primary analysis,GEO sample present; source supplement not independently archived
GSM4029898,cSLE3 [JB17003],cSLE3,JB17003,16,Children,SLE,3894,,GEO SOFT age retained for primary analysis,GEO sample present; source supplement not independently archived
GSM4029899,cSLE4 [JB17004],cSLE4,JB17004,17,Children,SLE,6171,,GEO SOFT age retained for primary analysis,GEO sample present; source supplement not independently archived
GSM4029900,cSLE5 [JB17005],cSLE5,JB17005,14,Children,SLE,4234,,GEO SOFT age retained for primary analysis,GEO sample present; source supplement not independently archived
GSM4029901,cSLE6 [JB17006],cSLE6,JB17006,16,Children,SLE,5438,,GEO SOFT age retained for primary analysis,GEO sample present; source supplement not independently archived
GSM4029902,cSLE7 [JB17007],cSLE7,JB17007,17,Children,SLE,3974,,GEO SOFT age retained for primary analysis,GEO sample present; source supplement not independently archived
GSM4029903,cSLE8 [JB17008],cSLE8,JB17008,16,Children,SLE,6260,,GEO SOFT age retained for primary analysis,GEO sample present; source supplement not independently archived
GSM4029904,cSLE10 [JB17015],cSLE10,JB17015,18,Children,SLE,13538,,GEO SOFT age retained for primary analysis,GEO sample present; source supplement not independently archived
GSM4029905,cSLE11 [JB17016],cSLE11,JB17016,17,Children,SLE,10253,,GEO SOFT age retained for primary analysis,GEO sample present; source supplement not independently archived
GSM4029906,cSLE9 [JB17014],cSLE9,JB17014,16,Children,SLE,13834,,GEO SOFT age retained for primary analysis,GEO sample present; source supplement not independently archived
GSM4029907,cHD1 [JB17010],cHD1,JB17010,7,Children,HD,13454,,GEO SOFT age retained for primary analysis,GEO sample present; source supplement not independently archived
GSM4029908,cSLE12 [JB17019],cSLE12,JB17019,18,Children,SLE,5545,,GEO SOFT age retained for primary analysis,GEO sample present; source supplement not independently archived
GSM4029909,cSLE13 [JB17020],cSLE13,JB17020,12,Children,SLE,5350,,GEO SOFT age retained for primary analysis,GEO sample present; source supplement not independently archived
GSM4029910,cSLE14 [JB17021],cSLE14,JB17021,19,Children,SLE,4463,,GEO SOFT age retained for primary analysis,GEO sample present; source supplement not independently archived
GSM4029911,cSLE15 [JB17022],cSLE15,JB17022,12,Children,SLE,6443,,GEO SOFT age retained for primary analysis,GEO sample present; source supplement not independently archived
GSM4029912,cSLE16 [JB17023],cSLE16,JB17023,13,Children,SLE,5570,,GEO SOFT age retained for primary analysis,GEO sample present; source supplement not independently archived
GSM4029913,cSLE17 [JB17024],cSLE17,JB17024,18,Children,SLE,6141,,GEO SOFT age retained for primary analysis,GEO sample present; source supplement not independently archived
GSM4029914,cHD2 [JB17017],cHD2,JB17017,8,Children,HD,8869,,GEO SOFT age retained for primary analysis,GEO sample present; source supplement not independently archived
GSM4029915,cHD3 [JB17018],cHD3,JB17018,13,Children,HD,9009,,GEO SOFT age retained for primary analysis,GEO sample present; source supplement not independently archived
GSM4029916,cSLE18 [JB18063],cSLE18,JB18063,17,Children,SLE,3059,,GEO SOFT age retained for primary analysis,GEO sample present; source supplement not independently archived
GSM4029917,cSLE19 [JB18064],cSLE19,JB18064,16,Children,SLE,6717,,GEO SOFT age retained for primary analysis,GEO sample present; source supplement not independently archived
GSM4029918,cSLE20 [JB18065],cSLE20,JB18065,16,Children,SLE,5477,,GEO SOFT age retained for primary analysis,GEO sample present; source supplement not independently archived
GSM4029919,cSLE21 [JB18066],cSLE21,JB18066,13,Children,SLE,2965,,GEO SOFT age retained for primary analysis,GEO sample present; source supplement not independently archived
GSM4029920,cSLE22 [JB18067],cSLE22,JB18067,17,Children,SLE,5126,,GEO SOFT age retained for primary analysis,GEO sample present; source supplement not independently archived
GSM4029921,cSLE23 [JB18068],cSLE23,JB18068,17,Children,SLE,4007,,GEO SOFT age retained for primary analysis,GEO sample present; source supplement not independently archived
GSM4029922,cHD4 [JB18069],cHD4,JB18069,16,Children,HD,6031,,GEO SOFT age retained for primary analysis,GEO sample present; source supplement not independently archived
GSM4029923,cHD5 [JB18070],cHD5,JB18070,12,Children,HD,5615,,GEO SOFT age retained for primary analysis,GEO sample present; source supplement not independently archived
GSM4029924,cSLE24 [JB18071],cSLE24,JB18071,13,Children,SLE,5591,,GEO SOFT age retained for primary analysis,GEO sample present; source supplement not independently archived
GSM4029925,cSLE25 [JB18072],cSLE25,JB18072,16,Children,SLE,4920,,GEO SOFT age retained for primary analysis,GEO sample present; source supplement not independently archived
GSM4029926,cSLE26 [JB18073],cSLE26,JB18073,17,Children,SLE,5690,,GEO SOFT age retained for primary analysis,GEO sample present; source supplement not independently archived
GSM4029927,cSLE27 [JB18074],cSLE27,JB18074,15,Children,SLE,6041,,GEO SOFT age retained for primary analysis,GEO sample present; source supplement not independently archived
GSM4029928,cSLE28 [JB18075],cSLE28,JB18075,18,Children,SLE,4974,,GEO SOFT age retained for primary analysis,GEO sample present; source supplement not independently archived
GSM4029929,cSLE29 [JB18076],cSLE29,JB18076,14,Children,SLE,5777,,GEO SOFT age retained for primary analysis,GEO sample present; source supplement not independently archived
GSM4029930,cHD6 [JB18077],cHD6,JB18077,14,Children,HD,7967,,GEO SOFT age retained for primary analysis,GEO sample present; source supplement not independently archived
GSM4029931,cHD7 [JB18078],cHD7,JB18078,8,Children,HD,7191,,GEO SOFT age retained for primary analysis,GEO sample present; source supplement not independently archived
GSM4029932,cSLE30 [JB18079],cSLE30,JB18079,10,Children,SLE,7653,,GEO SOFT age retained for primary analysis,GEO sample present; source supplement not independently archived
GSM4029933,cSLE31 [JB18080],cSLE31,JB18080,17,Children,SLE,4534,,GEO SOFT age retained for primary analysis,GEO sample present; source supplement not independently archived
GSM4029934,cSLE32 [JB18081],cSLE32,JB18081,16,Children,SLE,6896,,GEO SOFT age retained for primary analysis,GEO sample present; source supplement not independently archived
GSM4029935,cSLE33 [JB18082],cSLE33,JB18082,17,Children,SLE,7666,,GEO SOFT age retained for primary analysis,GEO sample present; source supplement not independently archived
GSM4029936,cHD10 [JB18085],cHD10,JB18085,18,Children,HD,6272,,GEO SOFT age retained for primary analysis,GEO sample present; source supplement not independently archived
GSM4029937,cHD11 [JB18086],cHD11,JB18086,17,Children,HD,6669,,GEO SOFT age retained for primary analysis,GEO sample present; source supplement not independently archived
GSM4029938,cHD8 [JB18083],cHD8,JB18083,8,Children,HD,7405,,GEO SOFT age retained for primary analysis,GEO sample present; source supplement not independently archived
GSM4029939,cHD9 [JB18084],cHD9,JB18084,14,Children,HD,7325,,GEO SOFT age retained for primary analysis,GEO sample present; source supplement not independently archived
GSM4029940,aHD1 [JB19001],aHD1,JB19001,39,Adult,HD,7221,,GEO SOFT age retained for primary analysis,GEO sample present; source supplement not independently archived
GSM4029942,aHD3 [JB19003],aHD3,JB19003,50,Adult,HD,7206,43,GEO SOFT age retained for primary analysis,GEO 50 verified; supplement 43 review-reported; conflicting source ages
GSM4029943,aSLE1 [JB19004],aSLE1,JB19004,37,Adult,SLE,4454,,GEO SOFT age retained for primary analysis,GEO sample present; source supplement not independently archived
GSM4029944,aSLE2 [JB19006],aSLE2,JB19006,63,Adult,SLE,4825,,GEO SOFT age retained for primary analysis,GEO sample present; source supplement not independently archived
GSM4029945,aSLE3 [JB19007],aSLE3,JB19007,36,Adult,SLE,7486,,GEO SOFT age retained for primary analysis,GEO sample present; source supplement not independently archived
GSM4029946,aSLE4 [JB19008],aSLE4,JB19008,58,Adult,SLE,6220,,GEO SOFT age retained for primary analysis,GEO sample present; source supplement not independently archived
GSM4029947,aHD4 [JB19009],aHD4,JB19009,36,Adult,HD,6666,,GEO SOFT age retained for primary analysis,GEO sample present; source supplement not independently archived
GSM4029948,aHD5 [JB19010],aHD5,JB19010,46,Adult,HD,8228,,GEO SOFT age retained for primary analysis,GEO sample present; source supplement not independently archived
GSM4029949,aHD6 [JB19011],aHD6,JB19011,47,Adult,HD,12297,,GEO SOFT age retained for primary analysis,GEO sample present; source supplement not independently archived
GSM4029950,aSLE5 [JB19013],aSLE5,JB19013,24,Adult,SLE,4592,,GEO SOFT age retained for primary analysis,GEO sample present; source supplement not independently archived
GSM4029951,aSLE6 [JB19014],aSLE6,JB19014,27,Adult,SLE,3782,,GEO SOFT age retained for primary analysis,GEO sample present; source supplement not independently archived
GSM4029952,aSLE7 [JB19015],aSLE7,JB19015,47,Adult,SLE,6249,,GEO SOFT age retained for primary analysis,GEO sample present; source supplement not independently archived
,,aHD2,,,,,,,not analyzed,described in source cohort; absent from 56 GEO series samples
,,aSLE8,,,,,,,not analyzed,described in source cohort; absent from 56 GEO series samples
